year,region,total_cases,crime_rate_per_100k,cleared_cases,clearance_rate_pct,total_suspects,non_german_abs,non_german_pct,Afghanistan_foreigners,Eritrea_foreigners,Iran_foreigners,Iraq_foreigners,Nigeria_foreigners,Pakistan_foreigners,Somalia_foreigners,Syrian_foreigners,Turkey_foreigners,Yemen_foreigners,foreigners_total,Afghanistan_protection,Eritrea_protection,Iran_protection,Iraq_protection,Nigeria_protection,Pakistan_protection,Somalia_protection,Syrian_protection,Turkey_protection,Yemen_protection,Foreigners,Germans,population_total,foreigners_share_pct,ilo_unemployment_rate_pct
2010,Baden-Wurttemberg,572049,5324.0,342624,59.9,230283,65778,28.5639843149516,2838.0,878.0,4372.0,10852.0,2553.0,4420.0,465.0,2531.0,281823.0,148.0,310880.0,1660.0,325.0,1815.0,7065.0,640.0,1180.0,285.0,1135.0,8960.0,0.0,1270827,9477623,10748450,13.408710179757097,4.9
2011,Baden-Wurttemberg,582844,5420.0,341764,58.6,228558,67579,29.567549593538622,3268.0,882.0,4707.0,11098.0,2757.0,5135.0,417.0,2671.0,278570.0,161.0,309666.0,2090.0,305.0,2035.0,7265.0,735.0,1685.0,260.0,1150.0,8735.0,0.0,1137197,9358277,10495474,12.151777512035602,4.0
2012,Baden-Wurttemberg,573459,5317.0,330965,57.7,229382,70699,30.821511714083933,3571.0,909.0,5179.0,11160.0,2920.0,6057.0,379.0,3375.0,274055.0,163.0,307768.0,2435.0,355.0,2430.0,7510.0,790.0,2475.0,195.0,1755.0,8600.0,0.0,1180279,9360498,10540777,12.609147504758827,3.9
2013,Baden-Wurttemberg,576067,5450.5,333922,58.0,231635,75870,32.8,4168.0,923.0,5487.0,11247.0,3432.0,7098.0,424.0,4944.0,269471.0,174.0,307368.0,2980.0,375.0,2630.0,7605.0,1090.0,3270.0,195.0,3045.0,8440.0,0.0,1237300,9362896,10600196,13.214928372588993,4.1
2014,Baden-Wurttemberg,594534,5592.3,349922,58.9,243361,86974,35.7,4653.0,2111.0,5618.0,11270.0,4184.0,8008.0,824.0,10443.0,265642.0,180.0,312933.0,3265.0,1455.0,2635.0,7530.0,1610.0,3765.0,535.0,6625.0,8180.0,0.0,1307480,9366482,10673962,13.95913641856142,4.0
2015,Baden-Wurttemberg,617365,5760.805341672262,370995,60.1,258792,106024,41.0,9995.0,3651.0,6372.0,17698.0,5733.0,10822.0,1436.0,38624.0,262094.0,189.0,356614.0,4590.0,2190.0,2670.0,9980.0,2320.0,4885.0,960.0,19560.0,8000.0,0.0,1427105,9371027,10798132,15.228907141127648,3.8
2016,Baden-Wurttemberg,609133,5598.845474170141,366844,60.2239576578514,251141,107417,42.771590461135375,24280.0,6175.0,8825.0,29610.0,8320.0,11975.0,2610.0,68110.0,259410.0,185.0,419500.0,18240.0,4595.0,4925.0,21125.0,5200.0,6330.0,2085.0,49475.0,8575.0,0.0,1546678,9369078,10915756,16.508326646442693,3.8
2017,Baden-Wurttemberg,579953,5295.45896768714,361664,62.4,247928,104464,42.1,23170.0,7040.0,9200.0,29905.0,9750.0,11565.0,3150.0,73665.0,257305.0,215.0,424965.0,19405.0,5255.0,4910.0,22125.0,6365.0,5665.0,2360.0,52710.0,9125.0,0.0,1624991,9362669,10987660,17.356065882495685,3.5
2018,Baden-Wurttemberg,572173,5190.519280532139,359035,62.7,241211,99065,41.1,23405.0,7665.0,9955.0,30165.0,11655.0,11270.0,3450.0,78135.0,255040.0,240.0,430980.0,20460.0,6415.0,5880.0,23570.0,8255.0,5040.0,2820.0,56985.0,9805.0,0.0,1692370,9354109,11046479,18.09226298303772,3.2
2019,Baden-Wurttemberg,573813,5176.498543432346,348664,60.8,238737,96219,40.3,23860.0,8050.0,10300.0,30350.0,13345.0,11325.0,3670.0,81245.0,253965.0,290.0,436400.0,21025.0,6810.0,6135.0,23880.0,9655.0,4565.0,3135.0,61465.0,11040.0,0.0,1741329,9343636,11084965,18.636524368029747,3.2
2020,Baden-Wurttemberg,538566,4851.19466633951,344535,64.0,230697,89852,38.9,24320.0,8220.0,10385.0,30170.0,13710.0,11255.0,3860.0,83360.0,251390.0,255.0,436925.0,20745.0,6860.0,5865.0,23575.0,9880.0,4050.0,3250.0,63695.0,11520.0,10.0,1772034,9329685,11101719,18.99350299608186,4.1
2010,Bayern,620250,4958.0,400980,64.6,289652,78686,27.16570229102509,7861.0,727.0,3998.0,19409.0,2909.0,2131.0,1848.0,1736.0,213372.0,122.0,254113.0,4330.0,385.0,1185.0,13635.0,620.0,180.0,1530.0,585.0,1535.0,0.0,1178006,11344685,12522691,10.383770020939322,4.5
2011,Bayern,623108,4969.0,398515,64.0,286640,80242,27.993999441808544,8591.0,722.0,4297.0,19840.0,3188.0,2286.0,1696.0,1936.0,210576.0,123.0,253255.0,5355.0,405.0,1520.0,13740.0,750.0,235.0,1320.0,735.0,1620.0,0.0,1028544,11384845,12413389,9.034325895521635,3.8
2012,Bayern,626865,4977.0,396397,63.2,284048,83015,29.225694248859348,9853.0,713.0,4740.0,20466.0,3680.0,3049.0,1806.0,2670.0,206949.0,156.0,254082.0,6510.0,410.0,2015.0,14295.0,1040.0,885.0,1350.0,1270.0,1630.0,0.0,1093442,11388030,12481472,9.601678253394134,3.7
2013,Bayern,635131,5073.1,406873,64.1,289809,91569,31.6,11338.0,777.0,5038.0,20591.0,4720.0,4222.0,2135.0,4613.0,203784.0,157.0,257375.0,7905.0,435.0,2150.0,14385.0,1800.0,1705.0,1580.0,2860.0,1650.0,0.0,1169726,11392182,12561908,10.267795932333245,3.8
2014,Bayern,650868,5163.9,419482,64.4,302986,113896,37.6,13171.0,3577.0,5065.0,21078.0,6653.0,4826.0,3485.0,11876.0,201448.0,179.0,271358.0,9240.0,2800.0,2140.0,14450.0,3240.0,1985.0,2590.0,8185.0,1640.0,0.0,1258295,11389613,12647908,11.04774148164648,3.8
2015,Bayern,805915,6350.003403834735,584128,72.5,461302,281500,61.0,21891.0,6658.0,6060.0,27283.0,9800.0,6983.0,4770.0,40111.0,199215.0,231.0,323002.0,13020.0,4855.0,2240.0,16920.0,5185.0,2765.0,3235.0,24815.0,1660.0,0.0,1388776,11378766,12767542,12.204978993328451,3.6
2016,Bayern,882473,6870.962261574208,581860,65.9351617556571,446433,266089,59.603344734820226,38510.0,9390.0,8745.0,37095.0,14705.0,9725.0,6715.0,62410.0,197000.0,180.0,384475.0,28425.0,7385.0,4585.0,25105.0,9740.0,5300.0,4905.0,44485.0,1955.0,0.0,1520462,11366672,12887134,13.376492257364337,3.5
2017,Bayern,629512,4868.33286017185,420440,66.8,302910,129401,42.7,37065.0,10400.0,8905.0,37640.0,16770.0,8970.0,7485.0,68320.0,194245.0,175.0,389975.0,28820.0,8290.0,4855.0,27065.0,11100.0,4385.0,5530.0,49250.0,2215.0,0.0,1606648,11357331,12963979,14.146351814524028,3.2
2018,Bayern,635421,4888.905336870915,424054,66.7,297832,127617,42.8,36760.0,11040.0,9855.0,38480.0,19210.0,8855.0,8020.0,72535.0,192900.0,450.0,398105.0,29090.0,9255.0,5580.0,28325.0,13125.0,3725.0,6220.0,52435.0,2855.0,135.0,1685249,11351714,13036963,14.845766903570684,2.9
2019,Bayern,603464,4606.339082351829,404145,67.0,289856,121928,42.1,37040.0,11485.0,10580.0,39340.0,19955.0,8995.0,8410.0,75975.0,192220.0,775.0,404775.0,28090.0,9365.0,5545.0,27955.0,13675.0,3075.0,6520.0,54120.0,3760.0,435.0,1753274,11347455,13100729,15.450812539023067,2.8
2020,Bayern,594243,4524.993794003561,404601,68.1,280275,113968,40.7,37270.0,11625.0,10885.0,38925.0,19910.0,8930.0,8540.0,77450.0,190715.0,860.0,405110.0,27635.0,9610.0,5495.0,27890.0,13450.0,2535.0,6335.0,56665.0,3885.0,535.0,1792231,11340229,13132460,15.804187023031016,3.6
2010,Berlin,475022,13798.0,229821,48.4,135710,45138,33.26062928302999,1090.0,69.0,4179.0,2267.0,1470.0,1493.0,102.0,2062.0,114545.0,510.0,127787.0,560.0,0.0,1040.0,1100.0,55.0,60.0,15.0,395.0,1635.0,0.0,469150,2977823,3446973,15.754798052134058,13.6
2011,Berlin,494385,14286.0,227885,46.1,131812,45255,34.3329894091585,1426.0,75.0,4397.0,2366.0,1593.0,1557.0,95.0,2137.0,114243.0,488.0,128377.0,850.0,0.0,1255.0,1140.0,80.0,85.0,10.0,480.0,1840.0,0.0,381315,2920860,3302175,13.05488794396171,13.3
2012,Berlin,495297,14144.0,221309,44.7,131145,43791,33.39128445613634,1661.0,79.0,4491.0,2379.0,1690.0,1649.0,107.0,2378.0,112855.0,525.0,127814.0,1110.0,5.0,1425.0,1175.0,120.0,195.0,10.0,755.0,1805.0,0.0,410779,2939834,3350613,13.972863773940977,12.3
2013,Berlin,503164,14907.6,219722,43.7,133851,46527,34.8,2100.0,86.0,4840.0,2502.0,1950.0,1999.0,115.0,3539.0,111769.0,631.0,129531.0,1535.0,5.0,1770.0,1280.0,125.0,390.0,15.0,1665.0,1910.0,0.0,442678,2955848,3398526,14.976345197723292,11.7
2014,Berlin,543157,15873.3,243912,44.9,144116,50761,35.2,2640.0,305.0,5166.0,2697.0,2083.0,2381.0,206.0,6122.0,110558.0,677.0,132835.0,1930.0,165.0,1990.0,1335.0,120.0,610.0,80.0,3630.0,1925.0,0.0,477806,2968034,3445840,16.09840049002134,11.1
2015,Berlin,569550,16414.258949020546,249973,43.9,150434,60125,40.0,8138.0,714.0,6380.0,7036.0,2275.0,3574.0,384.0,22106.0,108603.0,822.0,160032.0,5095.0,520.0,2540.0,3985.0,110.0,1360.0,225.0,13390.0,1985.0,0.0,521092,2973849,3494941,17.522476763278835,10.7
2016,Berlin,568860,16160.653130611634,239130,42.036704988925216,148042,66275,44.76770105780792,11805.0,970.0,7280.0,10170.0,2495.0,3975.0,515.0,28695.0,107990.0,800.0,174695.0,9420.0,730.0,3455.0,6490.0,180.0,1720.0,350.0,16110.0,2355.0,0.0,571965,2975466,3547431,19.222703267320142,9.8
2017,Berlin,520437,14558.3706078331,229925,44.2,138036,58977,42.7,12365.0,1210.0,7750.0,10240.0,2730.0,3890.0,600.0,33010.0,107925.0,770.0,180490.0,10465.0,970.0,3800.0,7075.0,245.0,1405.0,430.0,23955.0,2500.0,20.0,618004,2976159,3594163,20.765154012268834,9.0
2018,Berlin,511677,14160.16903302758,227155,44.4,137072,60057,43.8,12975.0,1305.0,8315.0,10370.0,3030.0,4020.0,685.0,35855.0,106875.0,1000.0,184430.0,11335.0,1100.0,4195.0,7270.0,320.0,1205.0,550.0,26485.0,2815.0,275.0,656479,2972682,3629161,22.083727758300416,8.1
2019,Berlin,513426,14038.930218784582,229532,44.7,136704,61841,45.2,13655.0,1350.0,8850.0,10580.0,3430.0,4190.0,790.0,39125.0,106960.0,1190.0,190120.0,11870.0,1145.0,4370.0,7535.0,405.0,1020.0,615.0,28650.0,3090.0,460.0,690638,2966521,3657159,23.281075711245595,7.8
2020,Berlin,504142,13748.864810910904,232659,46.1,136053,59768,43.9,14425.0,1400.0,9220.0,10635.0,3600.0,4420.0,835.0,40470.0,106670.0,1225.0,192900.0,12480.0,1165.0,4375.0,7560.0,435.0,925.0,695.0,30090.0,3245.0,505.0,711848,2954942,3666790,24.090083663232644,9.7
2010,Brandenburg,204310,8135.0,110354,54.0,72863,8892,12.203724798594624,675.0,5.0,300.0,311.0,198.0,213.0,25.0,127.0,2245.0,50.0,4149.0,525.0,0.0,135.0,230.0,35.0,40.0,0.0,15.0,320.0,0.0,65688,2441862,2507550,2.6900783090936344,11.1
2011,Brandenburg,197664,7896.0,100760,51.0,69091,9047,13.094324875888322,881.0,2.0,391.0,364.0,223.0,245.0,70.0,212.0,2247.0,54.0,4689.0,705.0,0.0,170.0,260.0,45.0,40.0,15.0,75.0,285.0,0.0,44147,2413065,2457212,1.8294989981620886,10.7
2012,Brandenburg,195146,7819.0,104055,53.3,68497,9613,14.03419127845015,1020.0,2.0,471.0,417.0,268.0,351.0,128.0,355.0,2215.0,57.0,5284.0,835.0,0.0,210.0,325.0,35.0,110.0,70.0,170.0,245.0,0.0,47624,2403723,2451347,1.981259903907397,10.2
2013,Brandenburg,197228,8051.7,106903,54.2,68724,11276,16.4,1058.0,3.0,465.0,404.0,323.0,448.0,391.0,545.0,2260.0,66.0,5963.0,910.0,0.0,185.0,285.0,45.0,195.0,340.0,325.0,240.0,0.0,52635,2396718,2449353,2.1961282053207762,9.9
2014,Brandenburg,196033,8004.0,102715,52.4,67324,10585,15.7,1195.0,479.0,537.0,413.0,351.0,616.0,591.0,1794.0,2305.0,71.0,8352.0,1030.0,445.0,250.0,270.0,65.0,355.0,510.0,1405.0,210.0,0.0,59898,2393636,2453534,2.5023854921968085,9.4
2015,Brandenburg,188264,7659.634024880059,98829,52.5,66479,12727,19.1,2868.0,846.0,733.0,385.0,369.0,1363.0,768.0,10032.0,2319.0,69.0,19752.0,2380.0,760.0,395.0,250.0,65.0,975.0,660.0,6495.0,185.0,0.0,77010,2394340,2471350,3.216335190490908,8.7
2016,Brandenburg,185831,7478.632306648434,98457,52.98201053645517,67127,15407,22.952016327260267,6880.0,1170.0,1665.0,445.0,415.0,1605.0,980.0,15405.0,2495.0,70.0,31130.0,5675.0,1045.0,1190.0,275.0,85.0,1270.0,845.0,12375.0,175.0,0.0,95327,2394412,2489739,3.9812279590981,8.0
2017,Brandenburg,175003,7015.13800744634,96823,55.3,66642,16313,24.5,6960.0,1420.0,1915.0,545.0,475.0,1600.0,1135.0,16845.0,2790.0,80.0,33765.0,6075.0,1235.0,1455.0,415.0,100.0,1195.0,960.0,12615.0,330.0,0.0,105627,2393718,2499345,4.412675177276522,7.0
2018,Brandenburg,172828,6901.966422261626,96842,56.0,66040,16015,24.3,7160.0,1430.0,2290.0,705.0,670.0,1520.0,1150.0,17215.0,3220.0,80.0,35440.0,6380.0,1245.0,1720.0,535.0,210.0,1065.0,995.0,12590.0,555.0,0.0,114208,2393771,2507979,4.771049528129466,6.3
2019,Brandenburg,171828,6826.956122698313,96690,56.3,65374,16303,24.9,7315.0,1390.0,2510.0,960.0,860.0,1585.0,1200.0,16980.0,3640.0,105.0,36545.0,6500.0,1245.0,1870.0,760.0,360.0,1060.0,1065.0,12565.0,695.0,5.0,121451,2395455,2516906,5.070059759001943,5.8
2020,Brandenburg,162941,6449.323604917827,91874,56.4,63835,16285,25.5,7535.0,1355.0,2520.0,1010.0,910.0,1570.0,1245.0,16830.0,3895.0,100.0,36970.0,6570.0,1165.0,1870.0,830.0,370.0,1000.0,1045.0,12925.0,790.0,5.0,127997,2398486,2526483,5.336574822617267,6.2
2010,Bremen,89087,13463.0,43550,48.9,27635,7394,26.7559254568482,300.0,9.0,1084.0,681.0,494.0,423.0,47.0,582.0,26389.0,11.0,30020.0,130.0,0.0,345.0,420.0,0.0,0.0,0.0,295.0,1730.0,0.0,82531,577906,660437,14.28104224562472,12.0
2011,Bremen,93007,14077.0,44229,47.6,28265,7683,27.182027242172296,377.0,8.0,1086.0,733.0,521.0,467.0,47.0,647.0,26113.0,7.0,30006.0,195.0,0.0,355.0,450.0,15.0,0.0,0.0,340.0,1735.0,0.0,72583,579243,651826,12.530665023142273,11.6
2012,Bremen,86814,13128.0,43477,50.1,27764,8009,28.84670796715171,468.0,7.0,1140.0,756.0,565.0,473.0,47.0,848.0,25575.0,10.0,29889.0,250.0,0.0,430.0,465.0,20.0,0.0,0.0,495.0,1755.0,0.0,75788,577691,653479,13.119124237698006,11.2
2013,Bremen,85508,13059.2,42555,49.8,26400,8075,30.6,578.0,8.0,1207.0,879.0,616.0,519.0,61.0,1231.0,25471.0,14.0,30584.0,330.0,0.0,480.0,565.0,10.0,0.0,5.0,715.0,1700.0,0.0,79873,576210,656083,13.861786501449124,11.1
2014,Bremen,83777,12743.9,38393,45.8,24909,8065,32.4,664.0,96.0,1316.0,917.0,720.0,563.0,114.0,2267.0,24965.0,19.0,31641.0,475.0,70.0,605.0,615.0,10.0,10.0,20.0,1730.0,1640.0,0.0,85399,574242,659641,14.87160465448365,10.9
2015,Bremen,91237,13784.356265712628,43544,47.7,27823,10811,38.9,1018.0,194.0,1407.0,1084.0,846.0,587.0,231.0,5395.0,24430.0,21.0,35213.0,680.0,130.0,655.0,730.0,10.0,5.0,70.0,3965.0,1620.0,0.0,95398,571292,666690,16.698640975193072,10.9
2016,Bremen,91904,13686.597993414634,44494,48.41356197771588,28569,12585,44.05124435577024,3005.0,435.0,1900.0,1580.0,980.0,600.0,370.0,13115.0,24160.0,0.0,46145.0,2255.0,335.0,1150.0,920.0,15.0,10.0,245.0,9715.0,1605.0,0.0,107032,568090,675122,18.84067665334718,10.5
2017,Bremen,81176,11959.5788158579,39343,48.5,25770,10430,40.5,3140.0,450.0,2040.0,1775.0,1165.0,610.0,425.0,14965.0,23955.0,5.0,48530.0,2705.0,395.0,1240.0,1150.0,25.0,10.0,330.0,11055.0,1585.0,0.0,115130,564763,679893,20.385542254007433,10.2
2018,Bremen,74524,10942.804449717489,36639,49.2,24095,9915,41.1,3315.0,495.0,2270.0,1885.0,1460.0,655.0,485.0,16330.0,23685.0,5.0,50585.0,2835.0,430.0,1360.0,1255.0,70.0,20.0,390.0,11955.0,1560.0,0.0,121073,560938,682011,21.584025329002493,9.8
2019,Bremen,78228,11468.800487909291,38118,48.7,24101,9599,39.8,3525.0,585.0,2405.0,1940.0,1895.0,650.0,575.0,17425.0,23560.0,0.0,52560.0,2940.0,505.0,1460.0,1350.0,160.0,15.0,480.0,12885.0,1615.0,0.0,125047,557048,682095,22.448155275667446,9.9
2020,Bremen,80869,11880.863742275948,41663,51.5,26826,10858,40.5,3700.0,630.0,2385.0,1965.0,2115.0,640.0,675.0,18090.0,23310.0,0.0,53510.0,3080.0,540.0,1445.0,1400.0,200.0,15.0,525.0,13630.0,1625.0,0.0,127831,552836,680667,23.122770586575403,11.2
2010,Hamburg,224775,12669.0,103803,46.2,70552,21898,31.03809955777299,11973.0,52.0,5970.0,804.0,1139.0,1240.0,33.0,390.0,52028.0,36.0,73665.0,8030.0,0.0,2125.0,485.0,70.0,150.0,5.0,55.0,1530.0,0.0,240045,1540020,1780065,15.587135232009974,8.2
2011,Hamburg,228874,12812.0,101456,44.3,68068,22321,32.7922077922078,12312.0,66.0,5861.0,837.0,1198.0,1236.0,46.0,421.0,51237.0,42.0,73256.0,8310.0,0.0,2220.0,500.0,70.0,140.0,20.0,60.0,1490.0,0.0,216139,1495806,1711945,14.449667938221936,7.8
2012,Hamburg,227570,12651.0,98051,43.1,67554,23488,34.769221659709274,12513.0,70.0,6006.0,856.0,1254.0,1233.0,66.0,599.0,50491.0,40.0,73128.0,8700.0,0.0,2370.0,545.0,65.0,135.0,20.0,210.0,1455.0,0.0,222545,1503686,1726231,14.799964886286098,7.5
2013,Hamburg,238019,13724.4,103976,43.7,68164,25187,37.0,12247.0,81.0,6093.0,913.0,1277.0,1229.0,124.0,1083.0,49433.0,42.0,72522.0,8830.0,15.0,2620.0,590.0,65.0,115.0,85.0,645.0,1385.0,0.0,230175,1510133,1740308,15.24203497307853,7.4
2014,Hamburg,239998,13742.9,105293,43.9,75260,29894,39.7,12476.0,455.0,6125.0,1027.0,1246.0,1197.0,294.0,2862.0,48057.0,46.0,73785.0,9065.0,355.0,2810.0,670.0,65.0,110.0,230.0,2245.0,1310.0,0.0,239588,1514980,1754568,15.814598212517659,7.6
2015,Hamburg,243959,13839.360423328688,106800,43.8,73808,33396,45.2,14468.0,1344.0,6471.0,1934.0,1243.0,1173.0,541.0,7107.0,46896.0,52.0,81229.0,10675.0,1020.0,3030.0,1385.0,65.0,115.0,415.0,5120.0,1245.0,0.0,253719,1521381,1775100,16.676887643529138,7.4
2016,Hamburg,239230,13384.18536786229,107085,44.76236257994399,74888,35497,47.40011750881316,20610.0,2290.0,7850.0,4940.0,1275.0,1210.0,795.0,12800.0,46185.0,45.0,98000.0,14990.0,1835.0,4120.0,3515.0,120.0,150.0,625.0,9820.0,1370.0,0.0,272193,1526731,1798924,17.8284845201938,7.1
2017,Hamburg,225947,12480.2395884311,100337,44.4,69883,31856,45.6,20235.0,2485.0,8000.0,5180.0,1315.0,1305.0,925.0,14320.0,45800.0,60.0,99625.0,15920.0,2140.0,4320.0,3825.0,75.0,135.0,730.0,10615.0,1210.0,0.0,289175,1531337,1820512,18.88382504961351,6.8
2018,Hamburg,218594,11941.216573508782,100021,45.8,68092,31146,45.7,20515.0,2685.0,8460.0,5320.0,1340.0,1395.0,1085.0,15360.0,45250.0,50.0,101460.0,15220.0,2160.0,4640.0,3875.0,160.0,115.0,825.0,10975.0,1320.0,0.0,299241,1536641,1835882,19.47370921379815,6.3
2019,Hamburg,210832,11432.066525829949,98435,46.7,66651,30479,45.7,21100.0,2890.0,8970.0,5375.0,1495.0,1420.0,1215.0,16585.0,45005.0,55.0,104110.0,15850.0,2410.0,4690.0,3830.0,185.0,115.0,935.0,11810.0,1405.0,0.0,303943,1540273,1844216,19.73306030814018,6.1
2020,Hamburg,203526,11002.202321681678,97036,47.7,64397,29143,45.3,22200.0,3050.0,9415.0,5375.0,1530.0,1425.0,1310.0,17155.0,44740.0,75.0,106275.0,14460.0,2165.0,4330.0,3465.0,195.0,95.0,905.0,11160.0,1530.0,0.0,308736,1541131,1849867,20.033079601928712,7.6
2010,Hessen,401864,6629.0,234473,58.3,155455,50612,32.55733170370847,10819.0,3842.0,7280.0,2198.0,1074.0,8649.0,1835.0,2233.0,172845.0,688.0,211463.0,6135.0,2645.0,3155.0,1480.0,50.0,2445.0,1150.0,960.0,6210.0,280.0,675421,5388745,6064166,12.533920235602167,6.4
2011,Hessen,396834,6541.0,232045,58.5,152070,52810,34.7274281580851,11179.0,4149.0,7262.0,2166.0,1151.0,9259.0,2033.0,2278.0,169622.0,695.0,209794.0,6525.0,2905.0,3130.0,1455.0,65.0,2850.0,1375.0,910.0,5740.0,265.0,671761,5309830,5981591,12.651271321304073,5.9
2012,Hessen,395626,6494.0,232441,58.8,158411,57980,36.600993617867445,11822.0,4453.0,7426.0,2357.0,1200.0,9860.0,2503.0,2804.0,165261.0,688.0,208374.0,7285.0,3125.0,3320.0,1590.0,100.0,3475.0,1780.0,1325.0,5750.0,295.0,696311,5308816,6005127,13.116126081597102,5.7
2013,Hessen,386778,6428.6,230041,59.5,159345,61301,38.5,12295.0,6163.0,7557.0,2490.0,1309.0,10912.0,4050.0,3912.0,162116.0,696.0,211500.0,7810.0,4600.0,3455.0,1635.0,90.0,4010.0,3110.0,2150.0,5465.0,270.0,726452,5304502,6030954,13.695008504097087,5.8
2014,Hessen,396931,6565.8,235370,59.3,164326,68006,41.4,13575.0,8250.0,7636.0,2638.0,1400.0,12689.0,4981.0,8275.0,159572.0,724.0,219740.0,8745.0,6380.0,3610.0,1725.0,80.0,4720.0,3925.0,4640.0,5275.0,245.0,769050,5300608,6069658,14.508712962739367,5.7
2015,Hessen,403188,6616.268628501213,241649,59.9,169241,78369,46.3,19171.0,10209.0,8381.0,4429.0,1559.0,15112.0,6261.0,22167.0,157766.0,746.0,245801.0,10250.0,6685.0,3770.0,2180.0,65.0,5410.0,4580.0,10020.0,5100.0,230.0,838635,5296397,6135032,15.834066064156444,5.5
2016,Hessen,412104,6672.482566871518,258483,62.72275930347679,178260,92618,51.95669247167059,36530.0,13820.0,11585.0,11255.0,1635.0,18115.0,7965.0,44575.0,156455.0,700.0,302635.0,25590.0,10505.0,6255.0,7365.0,85.0,7900.0,5990.0,30195.0,5375.0,205.0,909319,5285312,6194631,17.204641845173946,5.3
2017,Hessen,375632,6045.81811814029,235815,62.8,157808,71685,45.4,35910.0,14740.0,11985.0,11185.0,1805.0,18210.0,8910.0,47470.0,156395.0,680.0,307290.0,28585.0,11820.0,7080.0,8725.0,250.0,7975.0,6985.0,34785.0,6120.0,165.0,957615,5270561,6228176,18.16912848556349,5.0
2018,Hessen,372798,5971.2054371576905,239383,64.2,153134,69122,45.1,36925.0,15835.0,13265.0,11455.0,2440.0,18405.0,9800.0,50885.0,156030.0,740.0,315780.0,30130.0,12975.0,8030.0,9205.0,645.0,7695.0,7775.0,38060.0,7000.0,210.0,996366,5258170,6254536,18.94891188379227,4.6
2019,Hessen,364833,5812.270140968258,237736,65.2,155090,70639,45.5,37885.0,16465.0,14220.0,11450.0,2820.0,18645.0,10430.0,53785.0,156040.0,715.0,322455.0,30465.0,13685.0,8540.0,8995.0,870.0,7235.0,8255.0,39800.0,8070.0,220.0,1028170,5248775,6276945,19.58876118713414,4.4
2020,Hessen,342423,5443.3929136045,224397,65.5,149914,67467,45.0,39640.0,17020.0,14390.0,11470.0,2925.0,18360.0,11135.0,55340.0,155265.0,710.0,326255.0,30885.0,13940.0,8455.0,8985.0,975.0,6635.0,8505.0,40610.0,8430.0,190.0,1051965,5238653,6290618,20.08082993853573,5.4
2010,Mecklenburg-Vorpommern,129489,7842.0,77866,60.1,48737,3256,6.680755893879393,483.0,0.0,225.0,757.0,25.0,162.0,53.0,248.0,1334.0,110.0,3397.0,395.0,0.0,105.0,530.0,0.0,0.0,25.0,15.0,295.0,0.0,38752,1607578,1646330,2.4105828768495217,12.7
2011,Mecklenburg-Vorpommern,128426,7820.0,74952,58.4,48272,3570,7.395591647331787,694.0,0.0,283.0,697.0,25.0,152.0,49.0,300.0,1312.0,106.0,3618.0,605.0,0.0,110.0,490.0,0.0,0.0,20.0,60.0,245.0,0.0,27502,1583343,1610845,1.736957816468068,12.5
2012,Mecklenburg-Vorpommern,126677,7749.0,74108,58.5,47373,3661,7.728030734806747,867.0,1.0,372.0,655.0,28.0,152.0,48.0,338.0,1283.0,104.0,3848.0,765.0,0.0,210.0,445.0,0.0,0.0,25.0,105.0,260.0,0.0,29553,1574061,1603614,1.877500300178964,12.0
2013,Mecklenburg-Vorpommern,120484,7528.7,70250,58.3,45175,3843,8.5,1001.0,199.0,354.0,605.0,28.0,139.0,50.0,570.0,1277.0,95.0,4318.0,890.0,180.0,180.0,405.0,0.0,0.0,15.0,290.0,275.0,0.0,32612,1565805,1598417,2.0827625406739667,11.7
2014,Mecklenburg-Vorpommern,116609,7304.0,70426,60.4,46345,4882,10.5,1236.0,398.0,399.0,613.0,54.0,143.0,110.0,1671.0,1307.0,87.0,6018.0,1105.0,335.0,220.0,350.0,0.0,0.0,85.0,1105.0,195.0,0.0,37984,1559839,1597823,2.4351231120647707,11.2
2015,Mecklenburg-Vorpommern,117261,7332.763026080301,71948,61.4,49066,11114,22.7,2232.0,667.0,540.0,566.0,62.0,167.0,208.0,13520.0,1317.0,83.0,19362.0,1945.0,535.0,355.0,320.0,0.0,0.0,160.0,9925.0,185.0,0.0,50409,1555342,1605751,3.2410235176572098,10.4
2016,Mecklenburg-Vorpommern,123061,7632.343109053674,77242,62.76724551238817,51502,12651,24.56409459826803,2680.0,885.0,650.0,650.0,30.0,170.0,280.0,12680.0,1280.0,55.0,19360.0,2180.0,730.0,415.0,360.0,0.0,0.0,230.0,9120.0,165.0,0.0,61579,1549940,1611519,3.9729925029355977,9.7
2017,Mecklenburg-Vorpommern,110337,6850.36202235834,68398,62.0,45091,7569,16.8,2975.0,995.0,905.0,665.0,60.0,235.0,420.0,13370.0,1340.0,40.0,21005.0,2485.0,830.0,665.0,415.0,30.0,5.0,320.0,9385.0,165.0,0.0,66331,1544566,1610897,4.294474952834648,8.6
2018,Mecklenburg-Vorpommern,108665,6744.69111220214,67600,62.2,43599,7464,17.1,3065.0,995.0,1185.0,860.0,75.0,280.0,480.0,13155.0,1455.0,45.0,21595.0,2640.0,835.0,845.0,565.0,40.0,10.0,390.0,9475.0,245.0,5.0,70806,1539593,1610399,4.599007659816587,7.9
2019,Mecklenburg-Vorpommern,111329,6919.542273108389,69885,62.8,44491,7787,17.5,3110.0,960.0,1405.0,955.0,125.0,335.0,475.0,12445.0,1615.0,45.0,21470.0,2690.0,810.0,985.0,635.0,85.0,5.0,420.0,8865.0,390.0,5.0,73747,1535160,1608907,4.803864092342167,7.1
2020,Mecklenburg-Vorpommern,105932,6581.851259058962,66634,62.9,42400,7222,17.0,3300.0,900.0,1410.0,1025.0,130.0,350.0,480.0,11895.0,1680.0,40.0,21210.0,2715.0,765.0,950.0,735.0,80.0,5.0,375.0,8615.0,415.0,0.0,75881,1533576,1609457,4.947977798296269,7.8
2010,Niedersachsen,582547,7347.0,366494,62.9,233060,36140,15.506736462713464,2899.0,80.0,4274.0,8964.0,1181.0,1363.0,255.0,5469.0,99688.0,170.0,124343.0,1945.0,0.0,1860.0,6005.0,190.0,130.0,100.0,3135.0,8660.0,0.0,531100,7394261,7925361,7.1825974225145695,7.5
2011,Niedersachsen,552257,6974.0,339186,61.4,223419,37248,16.67181394599385,3314.0,79.0,4422.0,9326.0,1219.0,1410.0,287.0,6111.0,97814.0,164.0,124146.0,2295.0,0.0,2050.0,6245.0,180.0,195.0,140.0,3550.0,8215.0,0.0,422130,7354412,7776542,5.739819852355294,6.9
2012,Niedersachsen,557219,7041.0,339863,61.0,220127,38959,17.698419548715062,3610.0,94.0,4766.0,9379.0,1283.0,1639.0,403.0,7200.0,95470.0,172.0,124016.0,2605.0,0.0,2295.0,6300.0,185.0,410.0,255.0,4650.0,8040.0,0.0,440145,7336480,7776625,5.999402983447102,6.6
2013,Niedersachsen,545704,7015.1,334322,61.3,216431,40884,18.9,3982.0,420.0,5294.0,9544.0,1415.0,1942.0,1110.0,9582.0,93726.0,208.0,127223.0,2835.0,300.0,2605.0,6545.0,175.0,685.0,925.0,6420.0,7730.0,0.0,463516,7321262,7784778,6.331094284018247,6.6
2014,Niedersachsen,552730,7094.9,335025,60.6,217569,46173,21.2,4519.0,1356.0,5348.0,10076.0,1536.0,2191.0,1303.0,17013.0,92271.0,241.0,135854.0,3320.0,1045.0,2600.0,6835.0,180.0,745.0,1010.0,11710.0,7465.0,0.0,499422,7309228,7808650,6.832759902961024,6.5
2015,Niedersachsen,568470,7263.178189537175,347729,61.2,228703,64172,28.1,9085.0,2344.0,6326.0,17474.0,1674.0,2944.0,1879.0,41324.0,90914.0,312.0,174276.0,4185.0,1380.0,3145.0,10055.0,220.0,875.0,1380.0,21875.0,7270.0,5.0,576873,7299797,7876670,7.902589619957926,6.1
2016,Niedersachsen,561963,7089.585331615741,345080,61.406177986806966,222092,62193,28.00325991030744,19745.0,3205.0,8345.0,32760.0,1755.0,4000.0,2435.0,67990.0,90190.0,310.0,230735.0,15970.0,2650.0,5080.0,23560.0,265.0,2180.0,1955.0,51340.0,7645.0,5.0,654788,7281354,7936142,8.992668121890517,6.0
2017,Niedersachsen,526120,6621.45554473906,327762,62.3,214727,58622,27.3,20080.0,3490.0,8850.0,36310.0,2000.0,4080.0,2605.0,74750.0,89710.0,460.0,242335.0,17260.0,2990.0,5110.0,28260.0,385.0,2135.0,2105.0,57240.0,7820.0,0.0,695309,7258921,7954230,9.578682561774677,5.8
2018,Niedersachsen,506585,6361.915287070148,318202,62.8,207743,56223,27.1,20695.0,3745.0,10120.0,39125.0,2425.0,4150.0,2890.0,79890.0,89295.0,575.0,252910.0,18225.0,3205.0,6180.0,30925.0,685.0,2035.0,2435.0,62205.0,8175.0,10.0,731462,7241151,7972613,10.101460389377324,5.3
2019,Niedersachsen,506582,6341.765451998916,321371,63.4,210118,57247,27.2,21180.0,3765.0,10770.0,41005.0,2835.0,4260.0,3180.0,84805.0,88730.0,570.0,261100.0,18780.0,3290.0,6600.0,32825.0,900.0,1905.0,2600.0,66285.0,8500.0,40.0,761455,7226574,7988029,10.536874042942063,5.0
2020,Niedersachsen,497158,6215.628776091562,319549,64.3,205170,56090,27.3,21820.0,3835.0,10800.0,42820.0,2945.0,4265.0,3230.0,87680.0,88110.0,575.0,266080.0,18720.0,3250.0,6495.0,34625.0,990.0,1820.0,2570.0,68915.0,8580.0,80.0,782971,7215545,7998516,10.85116924639788,5.8
2010,Nordrhein-Westfalen,1442801,8073.0,720199,49.9,494955,114012,23.03482134739522,7823.0,1253.0,15260.0,24269.0,5606.0,5133.0,1495.0,9871.0,548661.0,444.0,619815.0,4010.0,855.0,5900.0,15655.0,1045.0,920.0,765.0,4790.0,15355.0,5.0,1872383,15981285,17853668,11.716097923289649,8.7
2011,Nordrhein-Westfalen,1511469,8470.0,741453,49.1,494013,120080,24.307052648412085,8477.0,1422.0,15851.0,24474.0,5985.0,5896.0,1487.0,10670.0,540976.0,508.0,615746.0,4515.0,965.0,6200.0,15655.0,1060.0,1390.0,800.0,5170.0,14580.0,10.0,1610641,15934425,17545066,10.107932981579191,8.1
2012,Nordrhein-Westfalen,1518369,8510.0,745341,49.1,481264,121810,25.31043252767712,8989.0,1511.0,16673.0,25128.0,6321.0,6371.0,1484.0,12717.0,529575.0,505.0,609274.0,5080.0,1115.0,7150.0,16480.0,1210.0,1665.0,835.0,7000.0,14475.0,5.0,1652119,15897515,17549634,10.392309741491044,8.1
2013,Nordrhein-Westfalen,1484943,8459.1,726170,48.9,477961,127244,26.6,9548.0,2705.0,17715.0,25766.0,7041.0,7097.0,1538.0,16575.0,520573.0,514.0,609072.0,5630.0,2180.0,7955.0,16950.0,1450.0,1945.0,845.0,9710.0,14245.0,5.0,1707963,15855131,17563094,10.772304561848149,8.3
2014,Nordrhein-Westfalen,1501125,8542.8,747038,49.8,484528,140367,29.0,10812.0,5093.0,18831.0,27272.0,8571.0,8006.0,2233.0,31348.0,512703.0,548.0,625417.0,6785.0,4190.0,8860.0,18295.0,2350.0,2350.0,1510.0,21180.0,14000.0,5.0,1792332,15812646,17604978,11.334801272348727,8.2
2015,Nordrhein-Westfalen,1517448,8603.240553488251,753023,49.6,492245,166757,33.9,18954.0,7050.0,21405.0,41734.0,11441.0,10401.0,3005.0,84261.0,505531.0,580.0,704362.0,8510.0,4555.0,9425.0,23460.0,3245.0,2775.0,1835.0,42060.0,13375.0,10.0,1979639,15772169,17751808,12.551469617146507,8.0
2016,Nordrhein-Westfalen,1469426,8224.928963708633,744639,50.675501862632075,494885,177778,35.92309324388494,40955.0,10665.0,28320.0,72610.0,16060.0,12595.0,4260.0,173985.0,501050.0,565.0,861065.0,30145.0,8635.0,15940.0,49620.0,7845.0,5240.0,3135.0,121350.0,14260.0,15.0,2164537,15713272,17877809,13.77521499023246,7.7
2017,Nordrhein-Westfalen,1373390,7676.81566900129,718884,52.3,475452,163604,34.4,40210.0,11775.0,29445.0,76355.0,17115.0,12490.0,4925.0,190325.0,497665.0,570.0,880875.0,31035.0,9365.0,16700.0,55530.0,8320.0,4955.0,3565.0,134535.0,15310.0,15.0,2256404,15644714,17901118,14.422788425534657,7.4
2018,Nordrhein-Westfalen,1282441,7159.621516900219,688053,53.7,457275,155141,33.9,41330.0,12935.0,32340.0,80855.0,19150.0,12990.0,5645.0,206225.0,495260.0,630.0,907360.0,33645.0,10590.0,19245.0,60635.0,9705.0,5125.0,4405.0,151585.0,17995.0,40.0,2338655,15583738,17922393,15.007022063640957,6.8
2019,Nordrhein-Westfalen,1227929,6844.667673284899,654798,53.3,447847,154386,34.5,42540.0,13525.0,34480.0,83925.0,20985.0,13165.0,6145.0,225575.0,492300.0,690.0,933330.0,34770.0,11450.0,20520.0,63365.0,10355.0,4785.0,4790.0,168375.0,20115.0,60.0,2411654,15528283,17939937,15.530719011239041,6.5
2020,Nordrhein-Westfalen,1215763,6778.189999819362,641901,52.8,434764,144869,33.3,43565.0,14040.0,34525.0,86160.0,21680.0,12965.0,6640.0,239745.0,487470.0,710.0,947500.0,34400.0,11690.0,19670.0,64425.0,10420.0,4270.0,5090.0,177615.0,20155.0,70.0,2463137,15473260,17936397,15.918668722686752,7.5
2010,Rheinland-Pfalz,279826,6974.0,174901,62.5,118198,22890,19.365809912181255,1207.0,57.0,1800.0,3180.0,973.0,1130.0,119.0,1149.0,65007.0,65.0,74687.0,835.0,0.0,815.0,1905.0,175.0,165.0,55.0,440.0,1655.0,0.0,307490,3699964,4007454,8.310621400640656,5.7
2011,Rheinland-Pfalz,274703,6861.0,166472,60.6,114965,23188,20.169616839907796,1589.0,54.0,1922.0,3044.0,971.0,1146.0,196.0,1284.0,63900.0,73.0,74179.0,1160.0,0.0,965.0,1800.0,155.0,195.0,105.0,540.0,1510.0,0.0,273527,3718583,3992110,7.355678224743134,5.3
2012,Rheinland-Pfalz,267471,6688.0,161144,60.2,110286,23289,21.11691420488548,1841.0,57.0,2038.0,2893.0,924.0,1417.0,324.0,1837.0,62419.0,77.0,73827.0,1375.0,5.0,1095.0,1825.0,95.0,380.0,195.0,905.0,1440.0,0.0,283846,3706311,3990157,7.658450680474467,5.3
2013,Rheinland-Pfalz,267441,6702.3,162980,60.9,113211,26328,23.3,2106.0,55.0,2209.0,2895.0,944.0,1710.0,814.0,2732.0,61239.0,88.0,74792.0,1645.0,5.0,1235.0,1815.0,60.0,635.0,680.0,1795.0,1405.0,0.0,297793,3694531,3992324,8.060373562977276,5.5
2014,Rheinland-Pfalz,264553,6623.2,163682,61.9,114059,30080,26.4,2518.0,853.0,2281.0,2737.0,991.0,2027.0,1282.0,6081.0,60159.0,93.0,79022.0,2020.0,665.0,1275.0,1730.0,70.0,815.0,1055.0,4435.0,1325.0,0.0,318407,3684567,4002974,8.64163957393094,5.4
2015,Rheinland-Pfalz,273491,6817.534827905799,171531,62.7,118296,37121,31.4,5126.0,1611.0,2574.0,2660.0,997.0,2890.0,1949.0,17316.0,59284.0,90.0,94497.0,2590.0,995.0,1280.0,1610.0,50.0,970.0,1290.0,8720.0,1285.0,0.0,357009,3675184,4032193,9.714044249213101,5.2
2016,Rheinland-Pfalz,274593,6775.384838591957,178287,64.92772940315304,126536,48409,38.2570967945881,12040.0,2985.0,4230.0,2735.0,1040.0,3710.0,3475.0,35850.0,58570.0,70.0,124705.0,8540.0,2435.0,2660.0,1660.0,55.0,1980.0,2600.0,26180.0,1255.0,0.0,396838,3662590,4059428,10.834900985368277,5.1
2017,Rheinland-Pfalz,251713,6190.59810582892,162140,64.4,113203,36746,32.5,12650.0,3435.0,4700.0,2945.0,1120.0,3990.0,4120.0,38740.0,58130.0,105.0,129935.0,10745.0,2965.0,3360.0,1830.0,180.0,2210.0,3315.0,29770.0,1550.0,0.0,421236,3648630,4069866,11.545045674677892,4.8
2018,Rheinland-Pfalz,244468,6001.160130682854,157757,64.5,109567,32654,29.8,12765.0,3650.0,5145.0,3215.0,1665.0,4065.0,4405.0,40665.0,58245.0,90.0,133910.0,11285.0,3215.0,3690.0,2070.0,630.0,2120.0,3755.0,31645.0,2000.0,0.0,442292,3636971,4079263,12.160998809173899,4.4
2019,Rheinland-Pfalz,241529,5906.258512916647,156723,64.9,107203,31815,29.7,12980.0,3720.0,5450.0,3465.0,2040.0,4345.0,4670.0,42715.0,58455.0,105.0,137945.0,11260.0,3210.0,3900.0,2280.0,950.0,2250.0,3840.0,32315.0,2400.0,0.0,461476,3627899,4089375,12.720199763003325,4.3
2020,Rheinland-Pfalz,230304,5622.454467576481,152449,66.2,103081,29460,28.6,13505.0,3790.0,5530.0,3745.0,2085.0,4440.0,4970.0,44430.0,58560.0,115.0,141170.0,11200.0,3165.0,3715.0,2440.0,905.0,2165.0,3905.0,33545.0,2710.0,0.0,477163,3618985,4096148,13.184995240378171,5.2
2010,Saarland,71887,7030.0,39755,55.3,28846,6031,20.90757817375026,195.0,11.0,427.0,545.0,111.0,296.0,20.0,708.0,12043.0,53.0,14409.0,90.0,0.0,90.0,345.0,0.0,20.0,0.0,170.0,1270.0,0.0,85615,934353,1019968,9.163025109353745,7.5
2011,Saarland,69268,6807.0,37628,54.3,27275,6005,22.016498625114576,385.0,8.0,435.0,568.0,102.0,283.0,16.0,717.0,11830.0,71.0,14415.0,230.0,0.0,95.0,375.0,0.0,10.0,0.0,205.0,1230.0,0.0,67151,932717,999868,7.199504244052591,6.8
2012,Saarland,72872,7191.0,38970,53.5,28012,6636,23.68984720833928,548.0,8.0,439.0,598.0,96.0,276.0,15.0,834.0,11452.0,67.0,14333.0,415.0,0.0,100.0,380.0,0.0,0.0,0.0,355.0,1315.0,0.0,69679,926392,996071,7.521545954628278,6.7
2013,Saarland,72540,7295.7,38121,52.6,27373,7234,26.4,735.0,106.0,461.0,651.0,111.0,308.0,17.0,1307.0,11162.0,56.0,14914.0,590.0,75.0,110.0,400.0,0.0,0.0,0.0,805.0,1305.0,0.0,72063,920440,992503,7.829190387206118,7.3
2014,Saarland,75706,7641.5,40342,53.3,29510,9397,31.8,767.0,467.0,440.0,632.0,95.0,320.0,16.0,3125.0,10856.0,61.0,16779.0,635.0,415.0,95.0,405.0,0.0,10.0,0.0,2430.0,1225.0,0.0,75702,914175,989877,8.280909016326197,7.2
2015,Saarland,77993,7885.767439979374,44637,57.2,33663,14081,41.8,1147.0,598.0,464.0,903.0,106.0,347.0,28.0,12660.0,10656.0,71.0,26980.0,855.0,470.0,85.0,575.0,0.0,10.0,10.0,9790.0,1185.0,0.0,84596,907721,992317,9.319603710831853,7.2
2016,Saarland,76981,7732.144632818299,44902,58.32867850508568,33098,13857,41.866578040969245,1255.0,725.0,445.0,1030.0,55.0,345.0,15.0,19740.0,10465.0,40.0,34115.0,1030.0,625.0,95.0,625.0,0.0,10.0,5.0,14915.0,1165.0,0.0,96007,900118,996125,10.666046007301265,7.2
2017,Saarland,70860,7109.81075622259,39869,56.3,28620,9797,34.2,1305.0,840.0,435.0,1115.0,65.0,365.0,35.0,22475.0,10385.0,30.0,37050.0,1070.0,735.0,110.0,720.0,5.0,5.0,30.0,16780.0,1140.0,0.0,103293,892127,995420,11.578284257734605,6.7
2018,Saarland,70873,7128.739361910788,39749,56.1,26993,8831,32.7,1320.0,945.0,525.0,1195.0,105.0,375.0,25.0,23880.0,10345.0,20.0,38735.0,1130.0,850.0,140.0,860.0,25.0,0.0,20.0,18400.0,1125.0,0.0,107818,884531,992349,12.189284490877087,6.1
2019,Saarland,74719,7557.312748685645,40352,54.0,26782,8395,31.3,1380.0,965.0,585.0,1175.0,130.0,395.0,50.0,24960.0,10235.0,30.0,39905.0,1085.0,870.0,205.0,850.0,15.0,0.0,35.0,19740.0,1190.0,0.0,111336,877363,988699,12.68984445434786,6.2
2020,Saarland,68400,6941.068904315742,39526,57.8,25990,8213,31.6,1390.0,995.0,595.0,1280.0,105.0,420.0,45.0,26080.0,10200.0,35.0,41145.0,1055.0,855.0,190.0,915.0,20.0,5.0,40.0,20500.0,1190.0,0.0,114641,870799,985440,13.165035788970819,7.2
2010,Sachsen,290647,6972.0,166526,57.3,103013,11508,11.171405550755727,957.0,4.0,876.0,2047.0,156.0,874.0,58.0,721.0,3800.0,91.0,9584.0,645.0,0.0,495.0,1360.0,0.0,300.0,15.0,110.0,625.0,0.0,112522,4043265,4155787,2.7829489286504843,11.8
2011,Sachsen,293895,7083.0,167144,56.9,102937,12019,11.676073714990723,1071.0,14.0,902.0,1951.0,166.0,1082.0,47.0,794.0,3829.0,107.0,9963.0,765.0,0.0,455.0,1285.0,0.0,505.0,10.0,190.0,560.0,0.0,79102,3981118,4060220,1.986929299759515,10.6
2012,Sachsen,312406,7551.0,172958,55.4,104753,14365,13.713211077487042,1195.0,14.0,1079.0,2007.0,191.0,1254.0,41.0,1079.0,3894.0,121.0,10875.0,900.0,0.0,575.0,1240.0,0.0,625.0,5.0,405.0,540.0,0.0,86162,3966033,4052195,2.172498312545559,9.8
2013,Sachsen,312500,7715.7,171160,54.8,103521,15689,15.2,1283.0,12.0,1207.0,2007.0,225.0,1428.0,39.0,1574.0,3950.0,126.0,11851.0,975.0,0.0,625.0,1280.0,0.0,695.0,5.0,675.0,575.0,0.0,95083,3953212,4048295,2.4052087264735613,9.4
2014,Sachsen,327196,8086.1,179236,54.8,104713,19119,18.3,1529.0,718.0,1256.0,2114.0,252.0,1659.0,235.0,4393.0,4059.0,128.0,16343.0,1085.0,355.0,575.0,1240.0,0.0,725.0,125.0,2040.0,585.0,0.0,108372,3942458,4050830,2.748843487996575,8.8
2015,Sachsen,314861,7764.234919761278,175299,55.7,108640,29273,26.9,6123.0,1110.0,1824.0,5067.0,270.0,3276.0,417.0,17509.0,4268.0,135.0,39999.0,3920.0,785.0,870.0,2600.0,0.0,1890.0,320.0,8825.0,650.0,0.0,137900,3932163,4070063,3.506975677254478,8.2
2016,Sachsen,324736,7949.763651109918,181084,55.76345092629089,111882,36896,32.977601401476555,9325.0,1625.0,2135.0,6615.0,245.0,3200.0,680.0,20990.0,4490.0,100.0,49405.0,7385.0,1220.0,1215.0,4540.0,10.0,2050.0,505.0,14595.0,910.0,0.0,165187,3918130,4083317,4.215965269146251,7.5
2017,Sachsen,323136,7916.54039423458,191362,59.2,101775,29174,28.7,9230.0,2000.0,2230.0,6620.0,305.0,3180.0,770.0,22910.0,4760.0,100.0,52105.0,7890.0,1570.0,1310.0,4830.0,15.0,1965.0,610.0,16120.0,980.0,0.0,178685,3902862,4081547,4.578306893761552,6.7
2018,Sachsen,278796,6831.04534134645,157903,56.6,97551,27779,28.5,9440.0,2095.0,2635.0,6600.0,585.0,3305.0,845.0,23920.0,5135.0,145.0,54705.0,8170.0,1820.0,1535.0,5270.0,230.0,1945.0,730.0,16685.0,1265.0,0.0,192148,3887476,4079624,4.942744341058311,6.0
2019,Sachsen,271796,6669.915783098411,152865,56.2,95406,27040,28.3,9550.0,2095.0,2830.0,6555.0,825.0,3265.0,880.0,24295.0,5445.0,120.0,55860.0,7850.0,1810.0,1655.0,5040.0,360.0,1830.0,735.0,16755.0,1375.0,5.0,203297,3871658,4074955,5.250902843174681,5.5
2020,Sachsen,272588,6706.629374263123,159962,58.7,96668,25757,26.6,9770.0,2020.0,2875.0,6405.0,870.0,3275.0,875.0,24840.0,5625.0,120.0,56675.0,7845.0,1675.0,1645.0,4980.0,415.0,1800.0,760.0,17525.0,1440.0,10.0,211895,3852562,4064457,5.500106163119503,6.1
2010,Sachsen-Anhalt,189164,8028.0,110244,58.3,72515,5340,7.363993656484865,138.0,68.0,210.0,1543.0,402.0,343.0,43.0,1023.0,2196.0,112.0,6078.0,65.0,0.0,45.0,1030.0,115.0,5.0,20.0,545.0,420.0,0.0,42546,2302304,2344850,1.8479748981889446,12.5
2011,Sachsen-Anhalt,187281,8021.0,107585,57.4,71284,5526,7.752090230626789,227.0,57.0,303.0,1438.0,391.0,349.0,70.0,1179.0,2194.0,125.0,6333.0,155.0,5.0,115.0,920.0,125.0,5.0,40.0,670.0,365.0,0.0,41473,2245589,2287062,1.8468651209103712,11.6
2012,Sachsen-Anhalt,189234,8180.0,108603,57.4,72005,5825,8.089715991945004,293.0,55.0,418.0,1384.0,370.0,347.0,131.0,1315.0,2207.0,122.0,6642.0,225.0,0.0,185.0,930.0,90.0,10.0,85.0,805.0,390.0,0.0,44369,2223696,2268065,1.995281729157223,11.5
2013,Sachsen-Anhalt,193881,8581.1,109529,56.5,70968,7060,9.9,382.0,52.0,510.0,1332.0,398.0,380.0,291.0,1660.0,2217.0,125.0,7347.0,310.0,0.0,250.0,885.0,115.0,0.0,250.0,1080.0,360.0,0.0,48578,2203408,2251986,2.204675666059123,11.2
2014,Sachsen-Anhalt,194486,8664.7,111137,57.1,70628,8390,11.9,502.0,407.0,528.0,1293.0,412.0,417.0,397.0,3304.0,2336.0,119.0,9715.0,420.0,355.0,240.0,815.0,90.0,5.0,340.0,2295.0,430.0,0.0,55290,2184773,2240063,2.5306976971978328,10.7
2015,Sachsen-Anhalt,198809,8893.076775806201,108983,54.8,71198,13532,19.0,2242.0,779.0,787.0,1248.0,425.0,514.0,591.0,13704.0,2518.0,114.0,22922.0,1505.0,510.0,385.0,770.0,90.0,5.0,480.0,7895.0,490.0,0.0,73744,2166766,2240510,3.4034131973641824,10.2
2016,Sachsen-Anhalt,196464,8749.348688693235,108846,55.40251649157098,73258,18156,24.783641377050973,5845.0,1270.0,1485.0,1300.0,460.0,575.0,895.0,21245.0,2680.0,85.0,35840.0,4610.0,1035.0,990.0,825.0,75.0,5.0,695.0,15405.0,695.0,0.0,93241,2147621,2240862,4.341594722718767,9.6
2017,Sachsen-Anhalt,186552,8342.17252796196,103835,55.7,68605,14805,21.6,5635.0,1530.0,1635.0,1400.0,530.0,600.0,1010.0,22740.0,2930.0,130.0,38140.0,4520.0,1265.0,1195.0,880.0,105.0,20.0,785.0,15830.0,885.0,0.0,101500,2128167,2229667,4.769362554724324,8.4
2018,Sachsen-Anhalt,175625,7900.0720171689645,97644,55.6,63307,11902,18.8,5720.0,1670.0,1875.0,1485.0,660.0,690.0,1095.0,23550.0,3125.0,140.0,40010.0,4905.0,1460.0,1350.0,1000.0,225.0,15.0,915.0,17515.0,905.0,0.0,106275,2109427,2215702,5.038098023776125,7.7
2019,Sachsen-Anhalt,173347,7873.85444450097,95384,55.0,62209,12063,19.4,5935.0,1710.0,1955.0,1670.0,775.0,710.0,1130.0,23395.0,3200.0,165.0,40645.0,4840.0,1485.0,1405.0,1150.0,300.0,15.0,940.0,16920.0,960.0,0.0,109899,2091654,2201553,5.254167276232112,7.1
2020,Sachsen-Anhalt,177904,8131.888123459306,96301,54.1,62073,11662,18.8,5995.0,1660.0,1945.0,1840.0,850.0,755.0,1140.0,23780.0,3265.0,160.0,41390.0,5145.0,1480.0,1365.0,1325.0,310.0,20.0,950.0,17795.0,920.0,10.0,113140,2074594,2187734,5.453597185762612,7.7
2010,Schleswig-Holstein,221510,7822.0,110648,50.0,78954,11307,14.320997036248956,1615.0,19.0,1324.0,2778.0,326.0,1009.0,59.0,875.0,31624.0,80.0,39709.0,1165.0,0.0,530.0,1545.0,5.0,145.0,10.0,470.0,1455.0,5.0,144487,2687675,2832162,5.3759104058340395,7.5
2011,Schleswig-Holstein,219693,7751.0,105892,48.2,75355,11256,14.93729679516953,2058.0,21.0,1457.0,2827.0,346.0,1018.0,58.0,981.0,30770.0,109.0,39645.0,1600.0,0.0,660.0,1595.0,0.0,140.0,15.0,550.0,1345.0,25.0,118070,2683132,2801202,4.400454394342135,7.2
2012,Schleswig-Holstein,211928,7468.0,102019,48.1,72920,11802,16.1848601206802,2569.0,22.0,1694.0,2859.0,365.0,1060.0,56.0,1343.0,29956.0,113.0,40037.0,2025.0,0.0,925.0,1685.0,5.0,160.0,5.0,905.0,1225.0,40.0,123474,2680925,2804399,4.605649169596314,6.9
2013,Schleswig-Holstein,199964,7125.0,101014,50.5,71070,13248,18.6,3055.0,54.0,1920.0,2915.0,386.0,1118.0,73.0,2063.0,29312.0,193.0,41089.0,2515.0,0.0,1170.0,1700.0,0.0,160.0,10.0,1455.0,1185.0,90.0,131314,2679930,2811244,4.899904101972813,6.9
2014,Schleswig-Holstein,202301,7184.1,103647,51.2,74749,17560,23.5,3888.0,579.0,2145.0,3168.0,425.0,1149.0,209.0,5148.0,28847.0,310.0,45868.0,3195.0,390.0,1325.0,1875.0,10.0,175.0,125.0,3900.0,1200.0,210.0,143308,2680102,2823410,5.347109923428287,6.8
2015,Schleswig-Holstein,202598,7156.754969507542,105575,52.1,78430,24751,31.6,5967.0,1271.0,2407.0,4880.0,480.0,1155.0,516.0,12466.0,28226.0,584.0,57952.0,4495.0,980.0,1550.0,2860.0,0.0,155.0,335.0,8680.0,1120.0,440.0,165271,2679519,2844790,6.167935364518781,6.5
2016,Schleswig-Holstein,206541,7224.961993399829,112535,54.48555008448685,83483,30795,36.88774960171532,12930.0,2375.0,3630.0,10105.0,480.0,1190.0,805.0,26615.0,27990.0,1035.0,87155.0,10510.0,1965.0,2495.0,6980.0,0.0,180.0,620.0,19800.0,1195.0,835.0,195206,2675115,2870321,7.29710685335023,6.3
2017,Schleswig-Holstein,188979,6557.38558172555,101798,53.9,72741,21055,28.9,13465.0,2625.0,3870.0,10700.0,570.0,1185.0,940.0,29595.0,27880.0,1460.0,92290.0,11165.0,2190.0,2635.0,7630.0,0.0,170.0,745.0,21600.0,1295.0,1185.0,216816,2669058,2885874,8.123315416899896,6.0
2018,Schleswig-Holstein,186894,6467.320986317146,101782,54.5,71167,20853,29.3,14220.0,2860.0,4615.0,11165.0,765.0,1260.0,1080.0,31595.0,27930.0,1845.0,97335.0,12080.0,2345.0,3330.0,8180.0,150.0,165.0,905.0,23470.0,1475.0,1365.0,228086,2665182,2893268,8.557989660743619,5.5
2019,Schleswig-Holstein,183445,6325.1596504155,100417,54.7,70278,19639,27.9,14780.0,2985.0,5065.0,11500.0,970.0,1275.0,1205.0,33495.0,27955.0,2165.0,101395.0,12530.0,2490.0,3715.0,8475.0,300.0,155.0,975.0,24965.0,1685.0,1545.0,238562,2661681,2900243,8.962832135030457,5.1
2020,Schleswig-Holstein,173929,5982.442961293616,97121,55.8,67361,18051,26.8,15445.0,3095.0,5075.0,12010.0,1005.0,1255.0,1260.0,34660.0,27905.0,2235.0,103945.0,12645.0,2530.0,3580.0,8770.0,325.0,155.0,1030.0,26025.0,1745.0,1560.0,247484,2659841,2907325,9.304465943640992,5.8
2010,Thuringen,138050,6136.0,90082,65.3,58625,3538,6.03496801705757,432.0,5.0,306.0,667.0,58.0,305.0,38.0,408.0,1880.0,46.0,4145.0,310.0,0.0,110.0,435.0,0.0,0.0,15.0,100.0,365.0,0.0,48051,2193508,2241559,2.190600626940955,9.8
2011,Thuringen,136791,6128.0,89187,65.1,58356,3513,6.0199465350606625,714.0,8.0,344.0,709.0,62.0,321.0,17.0,540.0,1928.0,46.0,4689.0,565.0,0.0,110.0,480.0,0.0,0.0,0.0,205.0,300.0,0.0,33532,2154942,2188474,1.5560511605416758,8.8
2012,Thuringen,140087,6307.0,90121,64.3,58763,3845,6.54323298674336,943.0,11.0,343.0,788.0,72.0,331.0,8.0,752.0,2060.0,45.0,5353.0,820.0,0.0,70.0,555.0,0.0,0.0,0.0,345.0,360.0,0.0,36939,2139094,2176033,1.7268525833834325,8.5
2013,Thuringen,142310,6556.7,91858,64.5,59479,4141,7.0,1098.0,11.0,342.0,728.0,79.0,362.0,7.0,971.0,2048.0,45.0,5691.0,970.0,0.0,45.0,480.0,0.0,0.0,0.0,550.0,320.0,0.0,41714,2123937,2165651,1.9639942239341375,8.2
2014,Thuringen,142060,6574.3,90778,63.9,57138,4811,8.4,1240.0,632.0,373.0,786.0,98.0,377.0,209.0,2474.0,2033.0,44.0,8266.0,1045.0,590.0,40.0,505.0,0.0,0.0,160.0,1550.0,325.0,0.0,49181,2109620,2158801,2.3312729306699786,7.8
2015,Thuringen,140240,6502.349126629355,90168,64.3,58308,8398,14.4,3029.0,1023.0,400.0,2018.0,124.0,412.0,366.0,8254.0,2076.0,51.0,17753.0,2240.0,855.0,45.0,1355.0,0.0,5.0,285.0,5310.0,285.0,0.0,68699,2095038,2163737,3.2791290659167043,7.4
2016,Thuringen,149226,6874.512257257289,95199,63.795183145028346,60003,10302,17.16914154292285,6965.0,1490.0,420.0,4085.0,85.0,420.0,625.0,13395.0,2015.0,15.0,29515.0,5715.0,1230.0,60.0,3175.0,0.0,15.0,515.0,9700.0,250.0,0.0,85624,2078798,2164422,4.11891872129952,6.7
2017,Thuringen,143237,6637.09474136845,92330,64.5,57837,9446,16.3,7065.0,1800.0,615.0,4590.0,200.0,465.0,795.0,15200.0,2220.0,25.0,32975.0,5925.0,1500.0,200.0,3635.0,45.0,15.0,645.0,10635.0,375.0,0.0,92671,2061997,2154668,4.4942354426315845,6.1
2018,Thuringen,143158,6654.7818548209025,94688,66.1,57692,10066,17.4,7260.0,1875.0,920.0,4580.0,425.0,460.0,860.0,16205.0,2530.0,20.0,35135.0,6260.0,1605.0,505.0,3745.0,255.0,10.0,735.0,11115.0,595.0,0.0,101559,2045617,2147176,4.9647123581784856,5.5
2019,Thuringen,129301,6047.013883237882,79046,61.1,48816,8514,17.4,7430.0,1880.0,1215.0,4560.0,675.0,525.0,890.0,16545.0,2935.0,35.0,36690.0,5865.0,1575.0,655.0,3440.0,390.0,20.0,745.0,11110.0,810.0,0.0,108386,2029876,2138262,5.339537981630405,5.3
2020,Thuringen,141933,6673.522010449462,90193,63.5,53108,10185,19.2,7655.0,1855.0,1320.0,4365.0,675.0,555.0,900.0,16505.0,3040.0,35.0,36905.0,6215.0,1540.0,750.0,3560.0,405.0,15.0,740.0,11935.0,875.0,0.0,112592,2014216,2126808,5.589867223773418,6.0
